ARCHIVE_SOURCE D:\Archives
ARCHIVE_DESTINATION E:\Archives
DOCUMENT_SOURCE D:\Documents
DOCUMENT_DESTINATION E:\Documents
MUSIC_SOURCE D:\Music
MUSIC_DESTINATION E:\Music
PICTURE_SOURCE D:\Pictures
PICTURE_DESTINATION E:\Pictures
PROGRAMS_SOURCE D:\Programs
PROGRAMS_DESTINATION E:\Programs
VIDEO_SOURCE D:\Videos
VIDEO_DESTINATION E:\Videos